{
  "<PAD>": {
    "precision": 0.0,
    "recall": 0.0,
    "f1-score": 0.0,
    "support": 0.0
  },
  "<UNK>": {
    "precision": 0.0,
    "recall": 0.0,
    "f1-score": 0.0,
    "support": 0.0
  },
  "B-CASE_NUMBER": {
    "precision": 0.0,
    "recall": 0.0,
    "f1-score": 0.0,
    "support": 0.0
  },
  "B-COURT": {
    "precision": 0.0,
    "recall": 0.0,
    "f1-score": 0.0,
    "support": 1.0
  },
  "B-DATE": {
    "precision": 0.0,
    "recall": 0.0,
    "f1-score": 0.0,
    "support": 8.0
  },
  "B-LAWYER": {
    "precision": 0.0,
    "recall": 0.0,
    "f1-score": 0.0,
    "support": 0.0
  },
  "B-ORG": {
    "precision": 0.0,
    "recall": 0.0,
    "f1-score": 0.0,
    "support": 0.0
  },
  "B-OTHER_PERSON": {
    "precision": 0.0,
    "recall": 0.0,
    "f1-score": 0.0,
    "support": 11.0
  },
  "B-PETITIONER": {
    "precision": 0.0,
    "recall": 0.0,
    "f1-score": 0.0,
    "support": 6.0
  },
  "B-PRECEDENT": {
    "precision": 0.0,
    "recall": 0.0,
    "f1-score": 0.0,
    "support": 2.0
  },
  "B-PROVISION": {
    "precision": 0.0,
    "recall": 0.0,
    "f1-score": 0.0,
    "support": 19.0
  },
  "B-RESPONDENT": {
    "precision": 0.0,
    "recall": 0.0,
    "f1-score": 0.0,
    "support": 4.0
  },
  "B-STATUTE": {
    "precision": 0.0,
    "recall": 0.0,
    "f1-score": 0.0,
    "support": 7.0
  },
  "I-COURT": {
    "precision": 0.0,
    "recall": 0.0,
    "f1-score": 0.0,
    "support": 1.0
  },
  "I-DATE": {
    "precision": 0.0,
    "recall": 0.0,
    "f1-score": 0.0,
    "support": 24.0
  },
  "I-ORG": {
    "precision": 0.0,
    "recall": 0.0,
    "f1-score": 0.0,
    "support": 0.0
  },
  "I-OTHER_PERSON": {
    "precision": 0.0,
    "recall": 0.0,
    "f1-score": 0.0,
    "support": 14.0
  },
  "I-PRECEDENT": {
    "precision": 0.0,
    "recall": 0.0,
    "f1-score": 0.0,
    "support": 7.0
  },
  "I-PROVISION": {
    "precision": 0.0,
    "recall": 0.0,
    "f1-score": 0.0,
    "support": 26.0
  },
  "I-STATUTE": {
    "precision": 0.0,
    "recall": 0.0,
    "f1-score": 0.0,
    "support": 19.0
  },
  "O": {
    "precision": 0.9778703462639937,
    "recall": 0.7890756302521008,
    "f1-score": 0.8733868154865714,
    "support": 4760.0
  },
  "accuracy": 0.7651252800977796,
  "macro avg": {
    "precision": 0.0465652545839997,
    "recall": 0.0375750300120048,
    "f1-score": 0.0415898483565034,
    "support": 4909.0
  },
  "weighted avg": {
    "precision": 0.9481896207408046,
    "recall": 0.7651252800977796,
    "f1-score": 0.8468774173387817,
    "support": 4909.0
  }
}