{
  "<PAD>": {
    "precision": 0.0,
    "recall": 0.0,
    "f1-score": 0.0,
    "support": 0.0
  },
  "<UNK>": {
    "precision": 0.0,
    "recall": 0.0,
    "f1-score": 0.0,
    "support": 0.0
  },
  "B-CASE_NUMBER": {
    "precision": 0.0,
    "recall": 0.0,
    "f1-score": 0.0,
    "support": 0.0
  },
  "B-COURT": {
    "precision": 0.0,
    "recall": 0.0,
    "f1-score": 0.0,
    "support": 1.0
  },
  "B-DATE": {
    "precision": 0.0,
    "recall": 0.0,
    "f1-score": 0.0,
    "support": 8.0
  },
  "B-LAWYER": {
    "precision": 0.0,
    "recall": 0.0,
    "f1-score": 0.0,
    "support": 0.0
  },
  "B-ORG": {
    "precision": 0.0,
    "recall": 0.0,
    "f1-score": 0.0,
    "support": 0.0
  },
  "B-OTHER_PERSON": {
    "precision": 0.0,
    "recall": 0.0,
    "f1-score": 0.0,
    "support": 11.0
  },
  "B-PETITIONER": {
    "precision": 0.0,
    "recall": 0.0,
    "f1-score": 0.0,
    "support": 6.0
  },
  "B-PRECEDENT": {
    "precision": 0.0,
    "recall": 0.0,
    "f1-score": 0.0,
    "support": 2.0
  },
  "B-PROVISION": {
    "precision": 0.0,
    "recall": 0.0,
    "f1-score": 0.0,
    "support": 19.0
  },
  "B-RESPONDENT": {
    "precision": 0.0,
    "recall": 0.0,
    "f1-score": 0.0,
    "support": 4.0
  },
  "B-STATUTE": {
    "precision": 0.0,
    "recall": 0.0,
    "f1-score": 0.0,
    "support": 7.0
  },
  "I-COURT": {
    "precision": 0.0,
    "recall": 0.0,
    "f1-score": 0.0,
    "support": 1.0
  },
  "I-DATE": {
    "precision": 0.0,
    "recall": 0.0,
    "f1-score": 0.0,
    "support": 24.0
  },
  "I-ORG": {
    "precision": 0.0,
    "recall": 0.0,
    "f1-score": 0.0,
    "support": 0.0
  },
  "I-OTHER_PERSON": {
    "precision": 0.0,
    "recall": 0.0,
    "f1-score": 0.0,
    "support": 14.0
  },
  "I-PRECEDENT": {
    "precision": 0.0,
    "recall": 0.0,
    "f1-score": 0.0,
    "support": 7.0
  },
  "I-PROVISION": {
    "precision": 0.0,
    "recall": 0.0,
    "f1-score": 0.0,
    "support": 26.0
  },
  "I-STATUTE": {
    "precision": 0.0,
    "recall": 0.0,
    "f1-score": 0.0,
    "support": 19.0
  },
  "O": {
    "precision": 0.9696472518457753,
    "recall": 0.9932773109243698,
    "f1-score": 0.9813200498132005,
    "support": 4760.0
  },
  "accuracy": 0.9631289468323487,
  "macro avg": {
    "precision": 0.046173678659322634,
    "recall": 0.047298919567827134,
    "f1-score": 0.04672952618158098,
    "support": 4909.0
  },
  "weighted avg": {
    "precision": 0.940216117088183,
    "recall": 0.9631289468323487,
    "f1-score": 0.9515346174599378,
    "support": 4909.0
  }
}